webtitle,sectionname,publisheddate,webLinks
UK ministers head to India in search of trade deal they hope will boost economy,World news,2025-02-23T22:30:47Z,https://www.theguardian.com/world/2025/feb/23/ministers-head-to-india-in-search-of-trade-deal-they-hope-will-boost-uk-economy
‘There has been an awakening’: ancient sects on the rise in Modi’s India,World news,2025-02-16T09:00:05Z,https://www.theguardian.com/world/2025/feb/16/modi-india-kumbh-mela-hindu-festival-sects
"Global disunity, energy concerns and the shadow of Musk: key takeaways from the Paris AI summit ",Technology,2025-02-14T05:00:07Z,https://www.theguardian.com/technology/2025/feb/14/global-disunity-energy-concerns-and-the-shadow-of-musk-key-takeaways-from-the-paris-ai-summit
Tycoon profited after India relaxed border security rules for energy park,World news,2025-02-12T05:00:18Z,https://www.theguardian.com/world/2025/feb/12/tycoon-profited-after-india-relaxed-border-security-rules-for-energy-park
Keir Starmer opts not to attend international AI summit in Paris,Technology,2025-02-05T16:34:05Z,https://www.theguardian.com/politics/2025/feb/05/keir-starmer-opts-not-to-attend-international-ai-summit-in-paris
How joy turned to horror as Kumbh Mela festival crowd crush unfolded,World news,2025-01-30T13:26:19Z,https://www.theguardian.com/world/2025/jan/30/kumbh-mela-festival-crowd-crush-india
Manmohan Singh obituary,World news,2024-12-29T16:37:51Z,https://www.theguardian.com/world/2024/dec/29/manmohan-singh-obituary
Huge election year worldwide sees weakening commitment to act on climate crisis,Environment,2024-11-23T11:00:40Z,https://www.theguardian.com/environment/2024/nov/23/election-climate-change-far-right
"Who is Gautam Adani, the Indian billionaire charged in the US over bribery plot?",Business,2024-11-21T15:25:29Z,https://www.theguardian.com/business/2024/nov/21/who-is-gautam-adani-the-indian-billionaire-charged-in-the-us-over-bribery-plot
Keir Starmer to restart UK-India talks after previous negotiations stalled,Politics,2024-11-18T22:00:19Z,https://www.theguardian.com/politics/2024/nov/18/keir-starmer-restart-uk-india-talks-previous-negotiations-stalled
Narendra Modi to make ‘historic’ Guyana visit for energy talks,World news,2024-11-18T05:00:29Z,https://www.theguardian.com/world/2024/nov/18/narendra-modi-to-make-historic-guyana-visit-for-energy-talks
Narendra Modi condemns attack on Hindu temple in Canada as tensions rise,World news,2024-11-04T17:21:06Z,https://www.theguardian.com/world/2024/nov/04/canada-hindu-temple-attack-modi
Canada alleges Indian minister behind plot to target Sikh separatists,World news,2024-10-30T10:37:15Z,https://www.theguardian.com/world/2024/oct/30/canada-alleges-indian-minister-amit-shah-plot-to-target-sikh-separatists
Tuesday briefing: Canada puts India ‘on notice’ as row over alleged killing of Sikh activists escalates,World news,2024-10-22T05:44:10Z,https://www.theguardian.com/world/2024/oct/22/tuesday-briefing-how-canada-and-indias-year-long-diplomatic-row-has-escalated
"Drive-by shootings, arson and murder: is the Indian government trying to silence Canada’s Sikh activists?",World news,2024-10-19T11:00:16Z,https://www.theguardian.com/world/2024/oct/19/india-sikh-activists-violence
UK calls for India to cooperate with Canada’s legal process as row deepens,World news,2024-10-16T09:30:54Z,https://www.theguardian.com/world/2024/oct/16/uk-india-cooperation-canada-legal-process
Why has Canada accused Indian diplomats of ‘criminal’ activities?,World news,2024-10-15T15:33:47Z,https://www.theguardian.com/world/2024/oct/15/canada-india-tensions-explainer-fatal-shooting-sikh-leader-hardeep-singh-nijjar
Canadian police accuse India of working with criminal network to kill dissidents,World news,2024-10-15T14:39:55Z,https://www.theguardian.com/world/2024/oct/15/canadian-police-accuse-india-criminal-network-kill-dissidents
Canadian police accuse Indian diplomats of ‘criminal’ activities including homicides,World news,2024-10-14T23:21:48Z,https://www.theguardian.com/world/2024/oct/14/india-canada-expel-top-diplomats-escalating-row-sikh-activists-death-hardeep-singh-nijjar
Opposition Congress party wins power in Indian-administered Kashmir,World news,2024-10-08T15:40:46Z,https://www.theguardian.com/world/2024/oct/08/opposition-congress-party-wins-power-in-indian-administered-kashmir
"Hi-tech, strategic: new wave of Kashmir militant attacks before elections stuns Indian forces",World news,2024-09-14T12:00:27Z,https://www.theguardian.com/world/2024/sep/14/hi-tech-strategic-new-wave-of-kashmir-militant-attacks-before-elections-stuns-indian-forces
These 21st-century demagogues aren’t mavericks – they’ve repeated on us throughout history | George Monbiot,Opinion,2024-09-06T05:00:17Z,https://www.theguardian.com/commentisfree/article/2024/sep/06/21st-century-demagogues-history-patterns
Why fascists hate universities | Jason Stanley,Opinion,2024-09-05T17:00:01Z,https://www.theguardian.com/commentisfree/article/2024/sep/05/why-fascists-hate-universities-us-bangladesh-india
Farming the Revolution review – low-key look at Indian farmers’ street-camp protests,Film,2024-08-26T12:00:31Z,https://www.theguardian.com/film/article/2024/aug/26/farming-the-revolution-review-low-key-look-at-indian-farmers-street-camp-protests
Ukraine war briefing: Biden and Zelenskiy talk as Ukraine prepares to mark independence day,World news,2024-08-24T05:09:29Z,https://www.theguardian.com/world/article/2024/aug/24/ukraine-war-briefing-biden-and-zelenskiy-talk-as-ukraine-prepares-to-mark-independence-day
Modi tells Zelenskiy he is ready to work ‘as a friend’ to bring about peace deal,World news,2024-08-23T16:56:01Z,https://www.theguardian.com/world/article/2024/aug/23/modi-to-visit-ukraine-amid-controversy-over-hug-for-putin
Five of the best books about Indian politics,Books,2024-08-15T13:16:27Z,https://www.theguardian.com/books/article/2024/aug/15/five-of-the-best-books-about-indian-politics-rahul-bhatia
Priyanka Gandhi: Congress party pins hopes on charismatic member of India’s political dynasty,World news,2024-08-14T01:00:28Z,https://www.theguardian.com/world/article/2024/aug/14/priyanka-gandhi-congress-party-pins-hopes-on-charismatic-member-of-indias-political-dynasty
The New India by Rahul Bhatia review – how nationalism changed a country,Books,2024-07-31T06:30:16Z,https://www.theguardian.com/books/article/2024/jul/31/the-new-india-by-rahul-bhatia-review-how-nationalism-changed-a-country
Why is Modi sucking up to Putin? It’s simple and cynical: China and oil | Sergey Radchenko,Opinion,2024-07-10T10:00:53Z,https://www.theguardian.com/commentisfree/article/2024/jul/10/modi-putin-simple-cynical-china-oil-russia-india
Modi and Putin cement ‘bonds of friendship’ despite Ukraine tensions,World news,2024-07-09T14:25:08Z,https://www.theguardian.com/world/article/2024/jul/09/modi-putin-summit-bonds-of-friendship-ukraine-tensions
India PM Modi to meet Putin in first trip to Russia since Ukraine war began,World news,2024-07-05T01:48:48Z,https://www.theguardian.com/world/article/2024/jul/05/india-pm-narendra-modi-vladimir-putin-russia-meeting
Open letter in India calls for withdrawal of go-ahead to prosecute Arundhati Roy,World news,2024-06-23T15:59:48Z,https://www.theguardian.com/world/article/2024/jun/23/india-open-letter-prosecution-arundhati-roy
The hounding of Arundhati Roy shows there’s still no room for dissent in India | Salil Tripathi,Opinion,2024-06-21T14:32:37Z,https://www.theguardian.com/commentisfree/article/2024/jun/21/arundhati-roy-india-bjp-elections-booker-prize
Consensus or division? How Modi will manage Indian coalition government,World news,2024-06-17T07:27:53Z,https://www.theguardian.com/world/article/2024/jun/17/india-coalition-government-narendra-modi-analysis
India: author Arundhati Roy to be prosecuted over 2010 Kashmir remarks,World news,2024-06-15T14:07:37Z,https://www.theguardian.com/world/article/2024/jun/15/india-author-arundhati-roy-to-be-prosecuted-over-2010-kashmir-remarks
Narendra Modi sworn in for third term as prime minister of India,World news,2024-06-09T15:21:08Z,https://www.theguardian.com/world/article/2024/jun/09/narendra-modi-sworn-in-for-third-term-as-prime-minister-of-india
‘Indian democracy fought back’: Modi humbled as opposition gains ground,World news,2024-06-09T10:08:10Z,https://www.theguardian.com/world/article/2024/jun/09/indian-elections-democracy-modi-opposition-gains-analysis
‘A sweet breeze amid a heatwave’: liberals feel hope again following Narendra Modi’s loss of his majority,World news,2024-06-08T16:08:56Z,https://www.theguardian.com/world/article/2024/jun/08/a-sweet-breeze-amid-a-heatwave-liberals-feel-hope-again-following-narendra-modis-loss-of-his-majority-india
Muted election win for Modi may usher in new era for India’s oligarch class,World news,2024-06-07T13:27:17Z,https://www.theguardian.com/world/article/2024/jun/07/muted-election-win-for-modi-may-usher-in-new-era-for-indias-oligarch-class
British Indians: share your reaction to the election in India,World news,2024-06-07T10:29:05Z,https://www.theguardian.com/world/article/2024/jun/07/british-indians-share-your-reaction-to-the-election-in-india
Narendra Modi faces first coalition test as allied parties demand cabinet seats,World news,2024-06-06T17:10:53Z,https://www.theguardian.com/world/article/2024/jun/06/narendra-modi-first-coalition-test-allied-parties-cabinet-seats
Thursday briefing: Narendra Modi reaches a crossroads as India denies him a majority in election upset,World news,2024-06-06T05:49:38Z,https://www.theguardian.com/world/article/2024/jun/06/first-edition-india-election-modi-future
Narendra Modi wins backing of allies to form Indian government,World news,2024-06-05T18:28:43Z,https://www.theguardian.com/world/article/2024/jun/05/narendra-modi-wins-backing-of-allies-to-form-indian-government
"‘Bit of a moment for Rahul Gandhi’: new dawn for India’s opposition, but where to now?",World news,2024-06-05T18:13:26Z,https://www.theguardian.com/world/article/2024/jun/05/rahul-gandhi-india-opposition-gains-ground-election-modi
The Guardian view on Modi’s election disappointment: the winner is democracy in India | Editorial,Opinion,2024-06-05T17:30:28Z,https://www.theguardian.com/commentisfree/article/2024/jun/05/the-guardian-view-on-modis-election-disappointment-the-winner-is-democracy-in-india
How voters turned against Narendra Modi in his party’s heartland,World news,2024-06-05T15:25:05Z,https://www.theguardian.com/world/article/2024/jun/05/how-voters-turned-again-narendra-modi-in-his-partys-heartland
The hidden story behind India’s remarkable election results: lethal heat | Amitava Kumar,Opinion,2024-06-05T14:14:46Z,https://www.theguardian.com/commentisfree/article/2024/jun/05/india-election-results-heat-bjp-cllmate-crisis
Modi loses parliamentary majority in Indian election,World news,2024-06-05T00:59:10Z,https://www.theguardian.com/world/article/2024/jun/04/india-election-results-narendra-modi-bjp
Narendra Modi loses aura of invincibility as predicted landslide fails to materialise,World news,2024-06-04T18:52:31Z,https://www.theguardian.com/world/article/2024/jun/04/narendra-modi-loses-aura-of-invincibility-as-predicted-landslide-fails-to-materialise
John Oliver on Narendra Modi: ‘India seems to be sliding toward authoritarianism’,Television & radio,2024-06-03T16:24:03Z,https://www.theguardian.com/tv-and-radio/article/2024/jun/03/john-oliver-narendra-modi-india
India elections: exit polls show Narendra Modi expected to win historic third term,World news,2024-06-03T03:50:16Z,https://www.theguardian.com/world/article/2024/jun/03/india-election-results-exit-polls-narendra-modi-victory
The Incarcerations: BK-16 and the Search for Democracy in India by Alpa Shah – review,Books,2024-06-02T15:00:07Z,https://www.theguardian.com/books/article/2024/jun/02/the-incarcerations-bk-16-and-the-search-for-democracy-in-india-by-alpa-shah-review
The Guardian view on India’s election: Narendra Modi’s audacity of hate | Editorial,Opinion,2024-05-30T17:52:58Z,https://www.theguardian.com/commentisfree/article/2024/may/30/the-guardian-view-on-indias-election-narendra-modis-audacity-of-hate
India elections: PM Narendra Modi claims he has been chosen by God,World news,2024-05-27T06:56:56Z,https://www.theguardian.com/world/article/2024/may/27/india-elections-pm-narendra-modi-claims-he-has-been-chosen-by-god
"More than half the world cannot speak freely, report finds",Global development,2024-05-22T03:00:03Z,https://www.theguardian.com/global-development/article/2024/may/22/more-than-half-the-world-cannot-speak-freely-report-finds
Revealed: Meta approved political ads in India that incited violence,World news,2024-05-20T10:00:02Z,https://www.theguardian.com/world/article/2024/may/20/revealed-meta-approved-political-ads-in-india-that-incited-violence
‘Modi builds highways but where are our jobs?’: rising inequality looms over India’s election,World news,2024-05-20T02:00:52Z,https://www.theguardian.com/world/article/2024/may/20/india-election-rising-inequality-unemployment-narendra-modi
"‘He likes scaring people’: how Modi’s right-hand man, Amit Shah, runs India",World news,2024-05-16T04:00:57Z,https://www.theguardian.com/world/article/2024/may/16/amit-shah-narendra-modi-right-hand-man-india
‘Pressured to withdraw’: BJP accused of intimidation tactics in India polls ,World news,2024-05-14T02:00:22Z,https://www.theguardian.com/world/article/2024/may/14/bjp-accused-intimidation-india-elections-gujarat
Can Modi finally win over the southern states and reshape India’s electoral map?,World news,2024-05-07T03:00:03Z,https://www.theguardian.com/world/article/2024/may/07/can-modi-finally-win-over-the-southern-states-and-reshape-indias-electoral-map
"With India’s election in full swing, Narendra Modi is getting desperate – and dangerous | Salil Tripathi",Opinion,2024-04-29T12:51:42Z,https://www.theguardian.com/commentisfree/2024/apr/29/india-election-narendra-modi-anti-muslim-rhetoric
India election: fears that Modi’s BJP will polarise voters in fight for key state,World news,2024-04-26T01:00:24Z,https://www.theguardian.com/world/2024/apr/26/india-election-locals-fear-modis-bjp-will-polarise-voters-in-fight-for-key-state
Narendra Modi accused of stirring tensions as voting in India continues,World news,2024-04-22T17:35:16Z,https://www.theguardian.com/world/2024/apr/22/narendra-modi-accused-of-stirring-tensions-as-voting-in-india-continues
"As India goes to the polls, can democracy deliver a better life for all of its people? ",Global development,2024-04-20T06:30:19Z,https://www.theguardian.com/global-development/2024/apr/20/india-elections-democracy-corruption-modi-caste-inequality-poverty-development
‘Messianic spell’: how Narendra Modi created a cult of personality,World news,2024-04-19T12:08:31Z,https://www.theguardian.com/world/2024/apr/19/messianic-spell-how-narendra-modi-created-a-cult-personality
Voting begins in India’s election with Modi widely expected to win third term,World news,2024-04-19T02:30:01Z,https://www.theguardian.com/world/2024/apr/19/voting-begins-india-election-modi-widely-expected-to-win-third-term
"Six weeks, 969 million voters, 2,600 parties: India’s mammoth election explained",World news,2024-04-18T04:00:20Z,https://www.theguardian.com/world/2024/apr/18/india-mammoth-election-explained-narendra-modi-bjp
The Guardian view on India’s election: fixing a win by outlawing dissent damages democracy | Editorial,Opinion,2024-04-17T17:32:19Z,https://www.theguardian.com/commentisfree/2024/apr/17/the-guardian-view-on-indias-election-fixing-a-win-by-outlawing-dissent-damages-democracy
Brought to boil: inside the 19 April Guardian Weekly,News,2024-04-17T17:05:08Z,https://www.theguardian.com/news/2024/apr/17/brought-to-boil-inside-the-19-april-guardian-weekly
‘I was told I’d be killed if I didn’t leave’: Himalayan state is a testing ground for Modi’s nationalism,World news,2024-04-14T10:00:50Z,https://www.theguardian.com/world/2024/apr/14/i-was-told-id-be-killed-if-i-didnt-leave-himalayan-state-is-a-testing-ground-for-modis-nationalism
A nagging doubt plagues world leaders wooing India: whose side is Narendra Modi really on? | Simon Tisdall,Opinion,2024-04-13T15:00:26Z,https://www.theguardian.com/commentisfree/2024/apr/13/narendra-modi-india-elections
‘BJP v democracy’: India’s opposition alliance cries foul as election nears,World news,2024-04-09T01:00:37Z,https://www.theguardian.com/world/2024/apr/09/bjp-versus-democracy-india-opposition-alliance-cries-foul-as-election-nears
India appears to confirm extrajudicial killings in Pakistan,World news,2024-04-05T15:40:16Z,https://www.theguardian.com/world/2024/apr/05/india-appears-to-confirm-extrajudicial-killings-in-pakistan
India summons envoy after US criticises Delhi chief minister’s arrest,World news,2024-03-28T20:57:02Z,https://www.theguardian.com/world/2024/mar/28/india-us-envoy-gloria-berbena-criticism-delhi-chief-arvind-kejriwal-narendra-modi
Arvind Kejriwal: the Delhi chief minister jailed by Modi’s government,World news,2024-03-28T18:10:52Z,https://www.theguardian.com/world/2024/mar/28/arvind-kejriwal-delhi-chief-minister-anti-corruption-jailed
‘Brazen propaganda’: pro-Modi films flood Bollywood before India election,Film,2024-03-22T11:32:51Z,https://www.theguardian.com/film/2024/mar/22/brazen-propaganda-pro-modi-films-flood-bollywood-before-india-election
Who congratulated Putin on his election victory and what does it say about global alliances?,World news,2024-03-19T05:45:57Z,https://www.theguardian.com/world/2024/mar/19/russia-election-2024-vladimir-putin-victory-who-which-leders-congratulated-him
Narendra Modi’s BJP given £570m under scheme allowing anonymous donations,World news,2024-03-15T13:16:54Z,https://www.theguardian.com/world/2024/mar/15/narendra-modi-bjp-given-570m-under-scheme-allowing-anonymous-donations
India enacts citizenship law criticised as ‘discriminatory’ to Muslims,World news,2024-03-12T05:07:03Z,https://www.theguardian.com/world/2024/mar/11/india-enacts-citizenship-law-criticised-as-discriminatory-to-muslims
Narendra Modi visits Kashmir for first time since state’s autonomy stripped,World news,2024-03-07T11:12:16Z,https://www.theguardian.com/world/2024/mar/07/narendra-modi-visits-kashmir-first-time-since-state-autonomy-stripped
‘Why are you asleep?’ Rahul Gandhi pleads with India’s low castes to vote out Modi,World news,2024-02-27T04:00:10Z,https://www.theguardian.com/world/2024/feb/27/why-are-you-asleep-rahul-gandhi-pleads-with-indias-low-castes-to-vote-out-modi
India confronts Google over Gemini AI tool’s ‘fascist Modi’ responses,World news,2024-02-26T09:42:29Z,https://www.theguardian.com/world/2024/feb/26/india-confronts-google-over-gemini-ai-tools-fascist-modi-responses
The Guardian view on Modi in Ayodhya: an alarming new era for India | Editorial,Opinion,2024-01-22T18:42:19Z,https://www.theguardian.com/commentisfree/2024/jan/22/the-guardian-view-on-modi-in-ayodhya-an-alarming-new-era-for-hindu-nationalism
"As petals rained down and celebrities beamed, Modi unveiled his vision of a Hindu India | Mukul Kesavan",Opinion,2024-01-22T14:18:35Z,https://www.theguardian.com/commentisfree/2024/jan/22/modi-ram-temple-hindu-right-project
Modi inaugurates Hindu temple on site of razed mosque in India,World news,2024-01-22T08:17:14Z,https://www.theguardian.com/world/2024/jan/22/modi-inaugurates-hindu-temple-on-site-of-razed-mosque-in-india
Divine moment or political gimmick? India gears up to inaugurate huge Hindu temple,World news,2024-01-15T13:49:18Z,https://www.theguardian.com/world/2024/jan/15/divine-moment-or-political-gimmick-india-gears-up-to-inaugurate-huge-hindu-temple
Modi trip to Indian islands prompts Maldives row,World news,2024-01-08T10:00:45Z,https://www.theguardian.com/world/2024/jan/08/india-maldives-tensions-deepen-amid-tourism-row
BJP win in India’s 2024 general election ‘almost an inevitability’,World news,2023-12-31T09:02:05Z,https://www.theguardian.com/world/2023/dec/31/bjp-modi-india-general-election-2024
The world in 2024: Guardian writers on what to look out for,World news,2023-12-30T12:00:33Z,https://www.theguardian.com/world/2023/dec/30/world-2024-guardian-writers-what-to-look-out-for
The Guardian view on the power of hope: a Christmas gift in dark times | Editorial,Opinion,2023-12-22T18:30:03Z,https://www.theguardian.com/commentisfree/2023/dec/22/the-guardian-view-on-the-power-of-hope-a-christmas-gift-in-dark-times
"An MP, her ex and their dog: Mahua Moitra’s battle with India’s parliament",World news,2023-12-22T03:01:43Z,https://www.theguardian.com/world/2023/dec/22/mahua-moitra-indian-parliament-expulsion
Indian government accused of attack on democracy as 141 MPs suspended,World news,2023-12-19T16:29:06Z,https://www.theguardian.com/world/2023/dec/19/indian-government-accused-attack-democracy-mps-suspended-modi-bjp
India’s supreme court upholds decision to strip Kashmir of special status,World news,2023-12-11T09:48:46Z,https://www.theguardian.com/world/2023/dec/11/india-supreme-court-upholds-move-to-strip-kashmir-of-special-status
No 10 team arrives in Delhi to revive talks over free trade deal,Politics,2023-12-08T15:56:12Z,https://www.theguardian.com/politics/2023/dec/08/no-10-team-arrives-in-delhi-to-revive-talks-free-trade-deal-sunak-modi
India takes strong pro-Israel stance under Modi in a departure from the past,World news,2023-10-31T05:00:34Z,https://www.theguardian.com/world/2023/oct/31/india-pro-israel-narendra-modi-bjp-government
Arundhati Roy is being hounded by the Indian state. This is a test case for its democracy | Meena Kandasamy,Opinion,2023-10-20T11:35:24Z,https://www.theguardian.com/commentisfree/2023/oct/20/arundhati-roy-india-author-freedom-of-speech
The Guardian view on World Cup sportwashing: money talks – and what it says is troubling | Editorial,Opinion,2023-10-08T17:25:47Z,https://www.theguardian.com/commentisfree/2023/oct/08/the-guardian-view-on-world-cup-sportwashing-money-talks-and-what-it-says-is-troubling
Delhi police search journalists’ homes in latest raids on media,World news,2023-10-03T15:16:27Z,https://www.theguardian.com/world/2023/oct/03/delhi-police-search-journalists-homes-raids-media
‘A tool of political control’: how India became the world leader in internet blackouts,World news,2023-09-25T05:01:41Z,https://www.theguardian.com/world/2023/sep/25/a-tool-of-political-control-how-india-became-the-world-leader-in-internet-blackouts
The Observer view on assassination of Sikh in Canada: Narendra Modi’s hubris is ill-judged | Observer editorial,Opinion,2023-09-24T05:04:13Z,https://www.theguardian.com/commentisfree/2023/sep/24/the-observer-view-on-hardeep-singh-nijjar-killing-narendra-modi-hubris-ill-judged
"How should UK, US and Australia respond to Canada-India row?",World news,2023-09-20T18:52:20Z,https://www.theguardian.com/world/2023/sep/20/should-uk-us-australia-respond-canada-india-row
 Canada killing adds to suspicions of Indian crackdown on Sikh separatists,World news,2023-09-19T18:33:17Z,https://www.theguardian.com/world/2023/sep/19/canada-killing-adds-to-suspicions-of-indian-crackdown-on-sikh-separatists
The Guardian view on Canada and India: from partnership to public claims of a killing | Editorial,Opinion,2023-09-19T18:14:45Z,https://www.theguardian.com/commentisfree/2023/sep/19/the-guardian-view-on-canada-and-india-from-partnership-to-public-claims-of-a-killing
‘Chill out’: Albanese asked about calling Indian PM ‘the boss’ as storm brews over alleged assassination,Australia news,2023-09-19T06:19:27Z,https://www.theguardian.com/australia-news/2023/sep/19/anthony-albanese-indian-prime-minister-the-boss-assassination-allegations-sikh-leader-hardeep-singh-nijjar
"‘Credible allegations’ link India to killing of Sikh leader, says Trudeau",World news,2023-09-19T03:06:00Z,https://www.theguardian.com/world/2023/sep/18/credible-evidence-india-behind-killing-of-canadian-sikh-leader-says-trudeau
Watered-down G20 statement on Ukraine is sign of India’s growing influence,World news,2023-09-10T13:01:35Z,https://www.theguardian.com/world/2023/sep/10/watered-down-g20-statement-on-ukraine-is-sign-of-indias-growing-influence
"Modi has boosted his image, but the G20 summit looks set to achieve little else | Observer editorial",Opinion,2023-09-10T05:03:42Z,https://www.theguardian.com/commentisfree/2023/sep/10/modi-boosted-image-but-g20-achieve-little-else
Rishi who? Sunak slips down pecking order in G20 scramble to court India,Politics,2023-09-09T21:30:34Z,https://www.theguardian.com/politics/2023/sep/09/rishi-sunak-g20-india-delhi-summit
G20 leaders agree joint declaration after deal on Ukraine statement,World news,2023-09-09T13:16:53Z,https://www.theguardian.com/world/2023/sep/09/g20-leaders-agree-joint-declaration-after-deal-on-ukraine-statement
"What Modi won’t show the G20: Muslims killed, harassed by the police and abused in school | Rana Ayyub",Opinion,2023-09-09T07:00:16Z,https://www.theguardian.com/commentisfree/2023/sep/09/what-modi-wont-show-g20-muslims-india
Biden renews effort to woo India’s Modi in talks before G20 summit,US news,2023-09-08T18:48:58Z,https://www.theguardian.com/us-news/2023/sep/08/biden-renews-effort-to-woo-indias-modi-in-talks-before-g20-summit
The US should not normalize Modi’s autocratic and illiberal India at the G20 | Jason Stanley,Opinion,2023-09-08T10:05:35Z,https://www.theguardian.com/commentisfree/2023/sep/08/biden-india-modi-g20-autocrat
Rishi Sunak to urge Narendra Modi to take stronger stance on Russia,World news,2023-09-07T21:30:37Z,https://www.theguardian.com/world/2023/sep/07/rishi-sunak-to-urge-narendra-modi-to-take-stronger-stance-on-russia
India or Bharat? G20 invitations throw up question dating back centuries,World news,2023-09-07T01:00:12Z,https://www.theguardian.com/world/2023/sep/07/india-or-bharat-g20-invitations-throw-up-question-dating-back-centuries
The Guardian view on India’s G20 summit: a backsliding democracy gets to play host | Editorial,Opinion,2023-09-06T17:25:03Z,https://www.theguardian.com/commentisfree/2023/sep/06/the-guardian-view-on-indias-g20-summit-a-backsliding-democracy-gets-to-play-host
"In newly gleaming Delhi, Modi hopes G20 will cement India as a major global player",World news,2023-09-05T23:12:07Z,https://www.theguardian.com/world/2023/sep/06/in-newly-gleaming-delhi-modi-hopes-g20-will-cement-india-as-a-major-global-player
The Guardian view on Russian history: the past is a work in progress | Editorial,Opinion,2023-09-03T17:25:18Z,https://www.theguardian.com/commentisfree/2023/sep/03/the-guardian-view-on-russian-history-the-past-is-a-work-in-progress
Rishi Sunak rules out quick-fix trade deal with India,Politics,2023-09-03T14:00:15Z,https://www.theguardian.com/politics/2023/sep/03/rishi-sunak-rules-out-quick-fix-trade-deal-with-india
Modi’s unifying message for the G20 summit looks dated as globalisation falls apart,Business,2023-09-02T23:05:17Z,https://www.theguardian.com/business/2023/sep/03/modis-unifying-message-for-the-g20-summit-looks-dated-as-globalisation-falls-apart
Rahul Gandhi demands Modi investigation into Adani Group,World news,2023-08-31T17:58:12Z,https://www.theguardian.com/world/2023/aug/31/rahul-gandhi-demands-narendra-modi-investigation-adani-group
" Modi-linked Adani family secretly invested in own shares, documents suggest",World news,2023-08-30T23:01:28Z,https://www.theguardian.com/world/2023/aug/31/modi-linked-adani-family-secretly-invested-in-own-shares-documents-suggest-india
Putin defends invasion of Ukraine in Brics summit address,World news,2023-08-23T14:37:35Z,https://www.theguardian.com/world/2023/aug/23/putin-defend-russian-invasion-ukraine-brics-summit-south-africa
India lands spacecraft near south pole of moon in historic first,Science,2023-08-23T13:50:15Z,https://www.theguardian.com/science/2023/aug/23/india-chandrayaan-3-moon-landing-mission
Manipur conflict drags ‘messiah of the poor’ Narendra Modi down to earth,World news,2023-08-10T18:00:42Z,https://www.theguardian.com/world/2023/aug/10/manipur-conflict-narendra-modi-opposition-india
Indian opposition walks out as Narendra Modi refuses to discuss Manipur conflict,World news,2023-08-10T17:24:45Z,https://www.theguardian.com/world/2023/aug/10/indian-opposition-walks-out-as-narendra-modi-refuses-to-discuss-manipur-conflict
Rahul Gandhi returns to parliament after Indian court suspends defamation conviction,World news,2023-08-07T05:47:56Z,https://www.theguardian.com/world/2023/aug/07/rahul-gandhi-returns-to-parliament-after-indian-court-suspends-defamation-conviction
"Australian government spent $42,000 on Sydney-themed Quad merchandise for event that didn’t go ahead",Australia news,2023-08-06T15:00:15Z,https://www.theguardian.com/australia-news/2023/aug/07/australian-government-spent-42000-on-sydney-themed-quad-merchandise-for-event-that-didnt-go-ahead
India’s supreme court suspends Rahul Gandhi’s two-year defamation jail term,World news,2023-08-04T14:50:21Z,https://www.theguardian.com/world/2023/aug/04/rahul-gandhi-wins-supreme-court-appeal-against-defamation-conviction
Manipur: why is there conflict and how is the government responding?,World news,2023-07-21T17:27:27Z,https://www.theguardian.com/world/2023/jul/21/manipur-india-why-is-there-conflict-and-how-is-the-government-responding
Modi speaks out after video of sexual assault on women in Manipur emerges,World news,2023-07-20T13:14:06Z,https://www.theguardian.com/world/2023/jul/20/modi-speaks-out-after-video-of-sexual-assault-on-women-in-manipur-emerges
While We Watched review – nerve-jangling portrait of an Indian reporter holding​ the ruling party to account,Film,2023-07-16T10:00:07Z,https://www.theguardian.com/film/2023/jul/16/while-we-watched-review-ravish-kumar-nerve-shredding-life-as-a-journalist-in-india-modi
"‘Resistance is possible’: Ravish Kumar, the broadcaster risking his life to tell the truth about India​ today​",Media,2023-07-02T09:00:38Z,https://www.theguardian.com/media/2023/jul/02/journalist-ravish-kumar-india-while-we-watched-modi
Opposition leader Rahul Gandhi begins two-day visit to unrest-hit Manipur,World news,2023-06-29T15:11:09Z,https://www.theguardian.com/world/2023/jun/29/opposition-leader-rahul-gandhi-begins-two-day-visit-to-unrest-hit-manipur
"Amid the battle of the giants, a new global order struggles to take shape | Simon Tisdall",Opinion,2023-06-25T06:00:29Z,https://www.theguardian.com/commentisfree/2023/jun/25/new-global-order-struggles-to-take-shape-china-us-poverty-climate-migration
Modi’s US visit prompts condemnation and protest from Muslim leaders,World news,2023-06-22T19:11:03Z,https://www.theguardian.com/world/2023/jun/22/modi-us-visit-human-rights-protest-muslim-leaders
Biden announces raft of new deals with Modi amid calls to address human rights concerns,US news,2023-06-22T18:16:16Z,https://www.theguardian.com/us-news/2023/jun/22/joe-biden-narendra-modi-visit-washington
Modi’s visit focuses attention on caste discrimination in US,US news,2023-06-22T15:55:56Z,https://www.theguardian.com/us-news/2023/jun/22/caste-discrimination-us-modi-visit-hindu
India secretly works to preserve reputation on global Democracy Index,World news,2023-06-22T13:23:25Z,https://www.theguardian.com/world/2023/jun/22/india-democracy-index-flawed-preserve-reputation-narendra-modi
Indian minister invites opposition for talks over ‘dire’ Manipur situation,World news,2023-06-22T10:33:30Z,https://www.theguardian.com/world/2023/jun/22/indian-minister-invites-opposition-for-talks-over-dire-manipur-situation
Narendra Modi does yoga in New York as US state visit gets under way,World news,2023-06-22T02:42:48Z,https://www.theguardian.com/world/2023/jun/22/narendra-modi-does-yoga-in-new-york-as-us-state-visit-gets-under-way
‘India is now a linchpin’: US looks to Narendra Modi’s visit to counter China,US news,2023-06-21T11:00:38Z,https://www.theguardian.com/us-news/2023/jun/21/narenda-modi-washington-dc-biden-white-house-visit-india-china
Indian court halts airing of documentary on Muslim minority,World news,2023-06-16T10:22:11Z,https://www.theguardian.com/world/2023/jun/16/indian-court-halts-airing-of-documentary-on-muslim-minority
"India threatened to shut Twitter down, co-founder Jack Dorsey says",World news,2023-06-13T16:33:56Z,https://www.theguardian.com/world/2023/jun/13/india-threatened-to-shut-twitter-down-co-founder-jack-dorsey-says
India’s vast new parliament opened by Narendra Modi amid opposition boycott,World news,2023-05-28T06:26:24Z,https://www.theguardian.com/world/2023/may/28/indias-vast-new-parliament-opened-by-narendra-modi-amid-opposition-boycott
Narendra Modi says Albanese pledged ‘strict actions’ against any attacks on Hindu temples in Australia,Australia news,2023-05-24T05:58:29Z,https://www.theguardian.com/australia-news/2023/may/24/narendra-modi-assured-by-anthony-albanese-of-strict-actions-against-any-anti-hindu-crimes-in-australia
"Narendra Modi’s rock-star welcome to Sydney is part concert, part political rally and all about soft power",Australia news,2023-05-23T21:27:02Z,https://www.theguardian.com/australia-news/2023/may/24/narendra-modis-rock-star-welcome-to-sydney-is-part-concert-part-political-rally-and-all-about-soft-power
 US and Papua New Guinea sign pact amid Pacific militarisation concerns,World news,2023-05-22T09:07:53Z,https://www.theguardian.com/world/2023/may/22/us-png-defence-security-agreement-papua-new-guinea-china-india-modi-pacific-militarisation-concerns
Narendra Modi in Australia: a polarising leader meets a divided Indian diaspora,World news,2023-05-20T20:00:07Z,https://www.theguardian.com/world/2023/may/21/narendra-modi-in-australia-a-polarising-leader-meets-a-divided-indian-diaspora
India’s Congress party defeats Narendra Modi’s BJP in Karnataka state elections,World news,2023-05-13T09:18:45Z,https://www.theguardian.com/world/2023/may/13/indias-congress-party-defeats-narendra-modis-bjp-in-karnataka-state-elections
Trouble at the temple: ban on Muslims a sign of India’s new intolerance,World news,2023-05-12T04:00:43Z,https://www.theguardian.com/world/2023/may/12/trouble-at-the-temple-ban-on-muslims-a-sign-of-indias-new-intolerance
Biden to host India’s Modi for state visit despite concerns over human rights,US news,2023-05-10T17:52:35Z,https://www.theguardian.com/us-news/2023/may/10/joe-biden-narendra-modi-india-state-visit
‘Modi for next 60 years’: BJP brings star attraction to Karnataka election,World news,2023-05-10T11:03:57Z,https://www.theguardian.com/world/2023/may/10/narendra-modi-bjp-karnataka-state-election-india
"The Guardian view on India at a crossroads: development, not dictatorship | Editorial",Opinion,2023-04-24T18:04:31Z,https://www.theguardian.com/commentisfree/2023/apr/24/the-guardian-view-on-india-at-a-crossroads-development-not-dictatorship
The Observer view on the growing threat to democracy in India | Observer editorial,Opinion,2023-04-23T05:31:30Z,https://www.theguardian.com/commentisfree/2023/apr/23/the-observer-view-on-narendra-modi-growing-threat-to-democracy
Rahul Gandhi could face jail and loss of seat after Indian court rejects plea,World news,2023-04-20T05:51:29Z,https://www.theguardian.com/world/2023/apr/20/rahul-gandhi-facing-jail-and-loss-of-parliamentary-seat-after-indian-court-rejects-plea
Indian government agency investigates BBC over foreign exchange rules,Media,2023-04-13T10:35:51Z,https://www.theguardian.com/media/2023/apr/13/indian-government-agency-investigates-bbc-over-foreign-exchange-rules
India’s Rahul Gandhi fights ‘excessive’ defamation case ,World news,2023-04-09T19:37:52Z,https://www.theguardian.com/world/2023/apr/09/indias-rahul-gandhi-fights-excessive-defamation-case
Indian government accused of rewriting history after edits to schoolbooks,World news,2023-04-06T09:54:38Z,https://www.theguardian.com/world/2023/apr/06/indian-government-accused-of-rewriting-history-after-edits-to-schoolbooks
Twitter accused of censorship in India as it blocks Modi critics,World news,2023-04-05T01:00:20Z,https://www.theguardian.com/world/2023/apr/05/twitter-accused-of-censorship-in-india-as-it-blocks-modi-critics-elon-musk
A fresh era for India or a ‘ham-fisted’ ego trip? Welcome to Modi’s new seat of power | Rowan Moore,World news,2023-03-26T08:00:14Z,https://www.theguardian.com/world/2023/mar/26/a-fresh-era-for-india-or-a-ham-fisted-ego-trip-welcome-to-modis-new-seat-of-power
Rahul Gandhi found guilty of defaming Narendra Modi,World news,2023-03-23T13:43:09Z,https://www.theguardian.com/world/2023/mar/23/rahul-gandhi-found-guilty-of-defaming-narendra-modi-india-prime-minister-remark-2019
India reduces security outside UK high commission in New Delhi,World news,2023-03-23T09:28:54Z,https://www.theguardian.com/world/2023/mar/23/india-reduces-security-uk-high-commission-new-delhi
Indian novel about caste becomes first Tamil work longlisted for International Booker prize,Books,2023-03-21T03:00:02Z,https://www.theguardian.com/books/2023/mar/21/indian-novel-about-caste-becomes-first-tamil-work-longlisted-for-booker-prize-perumal-murugan-pyre
‘Bulldozer politics’: Modi’s demolition drive fuels Muslims’ fears in Kashmir,World news,2023-03-19T05:00:30Z,https://www.theguardian.com/world/2023/mar/19/bulldozer-politics-modi-demolition-drive-fuels-muslims-fears-in-kashmir
Kashmir letters cast doubt on claims Nehru blundered by agreeing ceasefire,World news,2023-03-08T05:00:16Z,https://www.theguardian.com/world/2023/mar/08/kashmir-letters-cast-doubt-claims-nehru-blundered-agreeing-ceasefire
Russia accuses west at G20 of blackmail and claims it has China’s support,World news,2023-03-02T15:55:37Z,https://www.theguardian.com/world/2023/mar/02/germany-warns-china-not-arm-russia-ministers-g20-india
"Australia’s ‘quiet diplomacy’ approach to human rights in India has failed, advocates say",Australia news,2023-03-02T14:00:05Z,https://www.theguardian.com/world/2023/mar/03/australias-quiet-diplomacy-approach-to-human-rights-in-india-has-failed-advocates-say
Western countries stay silent as India cracks down on democracy | Letter,World news,2023-02-23T12:00:43Z,https://www.theguardian.com/world/2023/feb/23/western-countries-stay-silent-as-india-cracks-down-on-democracy
"Tax raids on BBC offices in India ‘deeply worrying’, says Labour",World news,2023-02-21T19:29:01Z,https://www.theguardian.com/world/2023/feb/21/tax-raids-on-bbc-offices-in-india-deeply-worrying-says-labour
India enjoyed a free and vibrant media. Narendra Modi’s brazen attacks are a catastrophe | Kenan Malik,Opinion,2023-02-19T08:00:02Z,https://www.theguardian.com/commentisfree/2023/feb/19/india-enjoyed-a-free-and-vibrant-media-narendra-modis-brazen-attacks-are-a-catastrophe
Indian journalists say BBC raid part of drive to intimidate media,World news,2023-02-18T05:00:29Z,https://www.theguardian.com/world/2023/feb/18/indian-journalists-bbc-raid-media
The Guardian view on India’s tax raid on the BBC: Modi v the media | Editorial,Opinion,2023-02-16T18:44:53Z,https://www.theguardian.com/commentisfree/2023/feb/16/the-guardian-view-on-indias-tax-raid-on-the-bbc-modi-v-the-media
Could trouble for Adani trip up Narendra Modi?,Business,2023-02-15T19:00:19Z,https://www.theguardian.com/business/2023/feb/15/could-trouble-for-adani-trip-up-narendra-modi
Tax raids at BBC offices in India enter second day,World news,2023-02-15T05:56:33Z,https://www.theguardian.com/world/2023/feb/15/tax-raids-at-bbc-offices-in-india-enter-second-day
What is the BBC Modi documentary and why is it so controversial?,World news,2023-02-14T17:32:02Z,https://www.theguardian.com/world/2023/feb/14/why-is-bbc-report-on-narendra-modis-handling-of-sectarian-riots-in-2002-so-controversial
BBC offices in India raided by tax officials amid Modi documentary fallout,World news,2023-02-14T12:47:50Z,https://www.theguardian.com/world/2023/feb/14/bbc-offices-india-raided-tax-officials-modi-documentary-fallout
India urges citizens to ‘hug a cow’ on Valentine’s Day,World news,2023-02-09T13:05:49Z,https://www.theguardian.com/world/2023/feb/09/india-urges-citizens-to-hug-a-cow-on-valentines-day
Narendra Modi is struggling to be both anti-Muslim strongman and global leader | Mukul Kesavan,Opinion,2023-02-08T12:00:15Z,https://www.theguardian.com/commentisfree/2023/feb/08/narendra-modi-anti-muslim-strongman-global-leader-india-bbc
‘Financial pariah’: Adani crisis grows with protests in India over fraud claims,Business,2023-02-07T07:32:10Z,https://www.theguardian.com/business/2023/feb/07/financial-pariah-adani-crisis-grows-with-protests-in-india-over-claims
Bollywood is obsessed with Pakistan. We’d be flattered if it weren’t so nasty,Film,2023-02-03T07:00:05Z,https://www.theguardian.com/film/2023/feb/03/bollywood-pakistan-muslims-narendra-modi-india
Tory peer withdraws ‘racially charged’ comments,Politics,2023-01-31T18:18:47Z,https://www.theguardian.com/politics/2023/jan/31/tory-peer-withdraws-racially-charged-comments
Tory peer accused of ‘racially charged’ attack on BBC Modi documentary,Politics,2023-01-30T12:22:19Z,https://www.theguardian.com/politics/2023/jan/30/tory-peer-accused-of-racially-charged-attack-on-bbc-modi-documentary
"Rahul Gandhi’s yatra: how a 2,200-mile march revitalised India’s ailing opposition",World news,2023-01-27T07:32:35Z,https://www.theguardian.com/world/2023/jan/27/rahul-gandhis-yatra-how-a-2200-mile-march-revitalised-indias-ailing-opposition
Indian ban on BBC Modi film puts Musk’s Twitter ‘free speech’ vow to the test,World news,2023-01-25T14:14:43Z,https://www.theguardian.com/world/2023/jan/25/india-ban-on-bbc-modi-film-elon-musk-twitter-free-speech-emergency-laws
India invokes emergency laws to ban BBC Modi documentary,World news,2023-01-23T07:59:55Z,https://www.theguardian.com/world/2023/jan/23/india-emergency-laws-to-ban-bbc-narendra-modi-documentary
TV tonight: a sobering look at Narendra Modi’s treatment of India’s Muslims,Television & radio,2023-01-17T06:20:05Z,https://www.theguardian.com/tv-and-radio/2023/jan/17/tv-tonight-narendra-modi-india-muslims
Modi’s BJP clinches landslide election victory in Gujarat,World news,2022-12-08T15:57:46Z,https://www.theguardian.com/world/2022/dec/08/india-narendra-modi-bjp-landslide-election-victory-gujarat
Billionaire Modi ally on verge of taking over independent Indian news channel ,World news,2022-12-01T13:39:06Z,https://www.theguardian.com/world/2022/dec/01/indian-billionaire-gautam-adani-ties-to-narendra-modi-to-control-independent-news-group-ndtv
The Guardian view on Modi’s India: the danger of exporting Hindu chauvinism | Editorial,Opinion,2022-11-27T18:08:03Z,https://www.theguardian.com/commentisfree/2022/nov/27/the-guardian-view-on-modis-india-the-danger-of-exporting-hindu-chauvinism
Sunak hints he will slow down progress on India trade deal,Politics,2022-11-15T22:30:03Z,https://www.theguardian.com/politics/2022/nov/15/rishi-sunak-uk-india-trade-deal-g20
‘Groundbreaking milestone’: world reacts to Rishi Sunak as new British PM,Politics,2022-10-25T13:15:10Z,https://www.theguardian.com/politics/2022/oct/25/groundbreaking-milestone-world-reacts-to-rishi-sunak-as-next-british-prime-minister
"Indian minister calls for abolition of 1,500 laws dating back to Raj",World news,2022-10-25T08:47:09Z,https://www.theguardian.com/world/2022/oct/25/indian-minister-calls-for-abolition-of-1500-laws-dating-back-to-raj
Modi employs new tool in India’s war against the English language: Hindi medical degrees,World news,2022-10-22T04:00:58Z,https://www.theguardian.com/world/2022/oct/22/modi-employs-new-tool-in-indias-war-against-the-english-language-hindi-medical-degrees
‘Painful memories’: what will the royal family do with the Koh-i-noor diamond?,UK news,2022-10-14T12:18:07Z,https://www.theguardian.com/uk-news/2022/oct/14/koh-i-noor-diamond-royal-family-india-modi-queen-consort
"In Britain and India, we must resist the tragic thinking that pits Hindus against Muslims | Chetan Bhatt",Opinion,2022-10-11T13:28:19Z,https://www.theguardian.com/commentisfree/2022/oct/11/britain-india-hindus-muslims-leicester-bjp
Narendra Modi’s BJP bans Indian Islamic group for ‘terrorist’ links,World news,2022-09-29T12:56:01Z,https://www.theguardian.com/world/2022/sep/29/narendra-modis-bjp-bans-islamic-group-in-india-for-terrorist-links
Shinzo Abe funeral: world figures fly in to political storm over state service for Japan former PM,World news,2022-09-26T05:56:23Z,https://www.theguardian.com/world/2022/sep/26/shinzo-abe-funeral-world-figures-fly-in-to-political-storm-over-state-service-for-japan-former-pm
Ukraine war to take centre stage at UN as west and Russia vie for support,World news,2022-09-20T05:00:03Z,https://www.theguardian.com/world/2022/sep/20/united-nations-ukraine-russia-war-climate-crisis-famine-global-south
Indian government accused of ceding land in Himalayas to China,World news,2022-09-19T09:58:37Z,https://www.theguardian.com/world/2022/sep/19/indian-people-living-near-border-accuse-government-of-ceding-land-to-china
Russia-Ukraine war latest: what we know on day 207 of the invasion,World news,2022-09-18T01:29:02Z,https://www.theguardian.com/world/2022/sep/18/russia-ukraine-war-latest-what-we-know-on-day-207-of-the-invasion
India is quietly laying claim to economic superpower status,World news,2022-09-12T07:00:06Z,https://www.theguardian.com/world/2022/sep/12/india-is-quietly-laying-claim-to-economic-superpower-status
World leaders pay tribute after death of Queen Elizabeth II,UK news,2022-09-08T20:04:58Z,https://www.theguardian.com/uk-news/2022/sep/08/world-leaders-pay-tribute-death-queen-elizabeth-ii
Muslim woman raped by Hindu mob shocked by release of 11 jailed men ,World news,2022-08-18T12:24:34Z,https://www.theguardian.com/world/2022/aug/18/muslim-woman-raped-by-hindu-mob-shocked-by-release-of-11-jailed-men-india
"After Independence Day, how can India get rid of 200m flags?",World news,2022-08-18T04:00:36Z,https://www.theguardian.com/world/2022/aug/18/after-independence-day-how-can-india-get-rid-of-200m-flags
"Indians forced to buy national flag in return for food rations, says opposition",World news,2022-08-11T12:09:59Z,https://www.theguardian.com/world/2022/aug/11/indian-government-accused-of-forcing-poor-to-buy-independence-day-flags
India: more countries join Muslim protests over Muhammad remarks,World news,2022-06-07T11:26:27Z,https://www.theguardian.com/world/2022/jun/07/india-more-countries-join-muslim-protests-over-muhammad-remarks
Tory devotion to ‘dear friend’ Modi says so much about needy post-Brexit Britain | Nick Cohen,Opinion,2022-05-29T06:00:03Z,https://www.theguardian.com/commentisfree/2022/may/29/tory-devotion-to-dear-friend-modi-says-much-about-needy-post-brexit-britain
Albanese insists ‘we will determine our values’ after Chinese premier reaches out to new PM,Australia news,2022-05-24T09:47:48Z,https://www.theguardian.com/australia-news/2022/may/24/anthony-albanese-tells-quad-summit-australia-will-help-build-stronger-indo-pacific
Boris Johnson is a patsy for populist leaders – as his India visit shows | Mukul Kesavan,Opinion,2022-04-25T13:03:13Z,https://www.theguardian.com/commentisfree/2022/apr/25/boris-johnson-india-visit-muslim-properties-razed-modi-nationalist-policies
Johnson vows to stop UK exports to India ending up in Russia,Politics,2022-04-22T19:20:45Z,https://www.theguardian.com/politics/2022/apr/22/johnson-vows-to-stop-uk-exports-to-india-ending-up-in-russia
The Guardian view on Boris Johnson in India: flying into trouble | Editorial,Opinion,2022-04-22T17:30:30Z,https://www.theguardian.com/commentisfree/2022/apr/22/the-guardian-view-on-boris-johnson-in-india-flying-into-trouble
India and UK to press ahead with talks on free trade deal,World news,2022-04-22T09:45:21Z,https://www.theguardian.com/world/2022/apr/22/india-and-uk-to-press-ahead-with-talks-on-free-trade-deal-modi-johnson
"MPs should wait for ‘full facts’ on Partygate, says Johnson in India",Politics,2022-04-21T11:23:59Z,https://www.theguardian.com/politics/2022/apr/21/boris-johnson-visits-india-modi-as-partygate-row-continues-in-uk
"‘Hatred, bigotry and untruth’: communal violence grips India",World news,2022-04-18T15:55:10Z,https://www.theguardian.com/world/2022/apr/18/hatred-bigotry-and-untruth-communal-violence-grips-india
Morrison’s captain’s pick for NSW seat accused Indian PM of causing ‘hatred and fear’,Australia news,2022-04-14T20:00:12Z,https://www.theguardian.com/australia-news/2022/apr/15/morrisons-captains-pick-for-nsw-seat-accused-indian-pm-of-causing-hatred-and-fear
"Ministers are old enough, but not wise enough to go it alone | Brief letters ",Television & radio,2022-04-11T16:56:12Z,https://www.theguardian.com/tv-and-radio/2022/apr/11/ministers-are-old-enough-but-not-wise-enough-to-go-it-alone
"Russia and India will find ways to trade despite sanctions, says Lavrov",World news,2022-04-01T14:21:57Z,https://www.theguardian.com/world/2022/apr/01/russia-and-india-will-find-ways-to-trade-despite-sanctions-says-lavrov
Liz Truss’s India visit made awkward by presence of Russian counterpart,Politics,2022-03-30T21:30:30Z,https://www.theguardian.com/politics/2022/mar/30/liz-truss-india-visit-narendra-modi-russia-sergei-lavrov
Low turnout for India’s national two-day strike as 50 million join protests,Global development,2022-03-30T12:37:17Z,https://www.theguardian.com/global-development/2022/mar/30/india-national-strike-protests-modi
A Night of Knowing Nothing review – kaleidoscopic doc is cinephilia at its best,Film,2022-03-28T08:00:48Z,https://www.theguardian.com/film/2022/mar/28/a-night-of-knowing-nothing-review
Rift over Ukraine exposed as high-powered UK delegation to India called off,Politics,2022-03-24T07:00:52Z,https://www.theguardian.com/politics/2022/mar/24/rift-over-ukraine-exposed-as-high-powered-uk-delegation-to-india-called-off
BJP claims election victory in four states including Uttar Pradesh,World news,2022-03-10T15:05:24Z,https://www.theguardian.com/world/2022/mar/10/bjp-claims-victory-four-state-elections-uttar-pradesh-yogi-adityanath
"The world leaders pushing for peace in Ukraine, and their motives",World news,2022-03-07T16:33:08Z,https://www.theguardian.com/world/2022/mar/07/the-world-leaders-pushing-for-peace-in-ukraine-and-their-motives
‘A flashy theme park’: outcry over Modi’s plans for the Gandhi ashram,World news,2022-02-25T05:30:04Z,https://www.theguardian.com/world/2022/feb/25/a-flashy-theme-park-outcry-over-modis-plans-for-the-gandhi-ashram
 ‘Shoot them’: Indian state police accused of murdering Muslims and Dalits,Global development,2022-02-22T06:45:02Z,https://www.theguardian.com/global-development/2022/feb/22/uttar-pradesh-elections-hindu-nationalist-yogi-adityanath-police-accused-unlawful-deaths-muslims-dalits
Editor arrested in Kashmir as press crackdown escalates ,World news,2022-02-06T15:30:20Z,https://www.theguardian.com/world/2022/feb/06/editor-arrested-in-kashmir-as-press-crackdown-escalates
"Why PK dumped PVO, ABC banned ‘Scomo’ and Kyle left Jackie saying ‘oh’ | Weekly Beast",Media,2022-02-04T00:39:07Z,https://www.theguardian.com/media/commentisfree/2022/feb/04/why-pk-dumped-pvo-abc-banned-scomo-and-kyle-left-jackie-saying-oh
Oxfam says its work in India is imperilled by ban on foreign funding,World news,2022-01-02T14:20:07Z,https://www.theguardian.com/world/2022/jan/02/oxfam-says-its-work-in-india-is-imperilled-by-ban-on-foreign-funding
Pegasus spyware ‘found on phone of jailed critic of Narendra Modi ’,News,2021-12-17T05:30:19Z,https://www.theguardian.com/news/2021/dec/17/pegasus-spyware-found-on-phone-of-jailed-critic-of-narendra-modi-
How a terrorism law in India is being used to silence Modi’s critics,World news,2021-12-10T05:00:30Z,https://www.theguardian.com/world/2021/dec/10/how-terrorism-law-india-used-to-silence-modis-critics
India’s farmers have won – but this doesn’t mean Modi is softening | Rukmini S,Opinion,2021-11-23T09:50:06Z,https://www.theguardian.com/commentisfree/2021/nov/23/india-farmers-modi-climbdown-dissent
The Guardian view on Modi’s failed farm laws: eating humble pie | Editorial,Opinion,2021-11-22T19:05:22Z,https://www.theguardian.com/commentisfree/2021/nov/22/the-guardian-view-on-modis-failed-farm-laws-eating-humble-pie
Indian PM Narendra Modi to repeal farm laws after year of protests,World news,2021-11-19T17:29:22Z,https://www.theguardian.com/world/2021/nov/19/indian-pm-narendra-modi-to-repeal-farm-laws-after-year-of-protests
‘The strongman blinks’: why Narendra Modi has backed down to farmers,World news,2021-11-19T16:14:05Z,https://www.theguardian.com/world/2021/nov/19/the-strongman-blinks-why-narendra-modi-has-backed-down-to-farmers
‘We are more powerful than Modi’: Indian farmers celebrate U-turn on laws,World news,2021-11-19T13:39:57Z,https://www.theguardian.com/world/2021/nov/19/we-are-more-powerful-than-modi-indian-farmers-celebrate-laws-repealing
Reaching net zero by 2070 is possible – but it’s what India does right now that matters | Joydeep Gupta,Opinion,2021-11-05T12:00:03Z,https://www.theguardian.com/commentisfree/2021/nov/05/net-zero-2070-india-renewables-climate-finance
Is India’s pledge of net zero by 2070 an ambitious target – or worthless words?,World news,2021-11-05T07:00:13Z,https://www.theguardian.com/world/2021/nov/05/is-indias-pledge-of-net-zero-by-2070-an-ambitious-target-or-worthless-words
"India’s huge solar uptake has boosted climate goals, says minister",World news,2021-11-03T13:01:30Z,https://www.theguardian.com/world/2021/nov/03/indias-huge-uptake-in-solar-is-driving-more-ambitious-climate-goals-says-minister
Scott Morrison tells Cop26 Australia will exceed 2030 target in bid to fend off criticism,Australia news,2021-11-01T20:16:49Z,https://www.theguardian.com/environment/2021/nov/02/scott-morrison-tells-cop26-australia-will-exceed-2030-target-in-bid-to-fend-off-criticism
What happened at Cop26 today – day one at a glance,Environment,2021-11-01T19:01:20Z,https://www.theguardian.com/environment/2021/nov/01/what-happened-at-cop26-day-one-at-a-glance
Narendra Modi pledges India will reach net zero emissions by 2070,World news,2021-11-01T17:20:20Z,https://www.theguardian.com/world/2021/nov/01/narendra-modi-pledges-india-will-reach-net-zero-emissions-by-2070
Indian supreme court orders inquiry into state’s use of Pegasus spyware,News,2021-10-27T10:01:42Z,https://www.theguardian.com/news/2021/oct/27/indian-supreme-court-orders-inquiry-into-states-use-of-pegasus-spyware
Narendra Modi exploits nationalism to distract Indians from a failing economy | Ravinder Kaur,Opinion,2021-08-20T09:00:31Z,https://www.theguardian.com/commentisfree/2021/aug/20/narendra-modi-exploits-nationalism-distract-indians-failing-economy
The unravelling of a conspiracy: were the 16 charged with plotting to kill India’s prime minister framed?,World news,2021-08-12T11:00:16Z,https://www.theguardian.com/world/2021/aug/12/bhima-koregaon-case-india-conspiracy-modi
"Ban Amnesty over Pegasus leaks role, Indian politician urges",News,2021-07-21T14:40:48Z,https://www.theguardian.com/news/2021/jul/21/ban-amnesty-over-pegasus-leaks-role-indian-politician-urges
Modi accused of treason by opposition over India spyware disclosures,News,2021-07-19T17:33:06Z,https://www.theguardian.com/news/2021/jul/19/modi-accused-treason-opposition-india-spyware-disclosures
Key Modi rival Rahul Gandhi among potential Indian targets of NSO client,News,2021-07-19T11:00:56Z,https://www.theguardian.com/news/2021/jul/19/key-modi-rival-rahul-gandhi-among-indian-targets-of-nso-client
Student’s rape and murder puts India’s sexual violence under spotlight again,Global development,2021-06-11T05:00:10Z,https://www.theguardian.com/global-development/2021/jun/11/students-and-puts-indias-sexual-violence-under-spotlight-again
Modi’s bulldozing of parliament shows him as the architect of a Hindu Taliban | Anish Kapoor,Art and design,2021-06-04T14:27:31Z,https://www.theguardian.com/artanddesign/2021/jun/04/modi-parliament-taliban-anish-kapoor
Trouble in paradise: Indian islands face ‘brazen’ new laws and Covid crisis,Global development,2021-06-04T05:00:30Z,https://www.theguardian.com/global-development/2021/jun/04/trouble-in-paradise-indian-islands-face-brazen-new-laws-and-covid-crisis
Officials take police action against leaders of bulldozed mosque in India,World news,2021-05-21T12:29:54Z,https://www.theguardian.com/world/2021/may/21/officials-take-police-action-against-leaders-of-bulldozed-mosque-in-india
Indian authors speak out over plan to reissue Narendra Modi exam book,Books,2021-05-20T12:53:37Z,https://www.theguardian.com/books/2021/may/20/indian-authors-speak-out-over-plan-to-reissue-narendra-modi-exam-book
‘Everybody is angry’: Modi under fire over India’s Covid second wave,World news,2021-05-17T04:00:13Z,https://www.theguardian.com/world/2021/may/17/everybody-is-angry-modi-under-fire-over-indias-covid-second-wave
India’s Covid anguish fuels calls to release rights activists from jail,World news,2021-05-13T09:07:05Z,https://www.theguardian.com/world/2021/may/13/india-covid-anguish-fuels-calls-to-release-human-rights-activists-from-jails
India is hiding its Covid crisis – and the whole world will suffer for it | Ankita Rao,Opinion,2021-05-06T10:17:05Z,https://www.theguardian.com/commentisfree/2021/may/06/india-covid-crisis-narenda-modi-government-hiding
The darkest hour- India’s Covid crisis: Inside the 7 May Guardian Weekly,News,2021-05-05T08:00:09Z,https://www.theguardian.com/news/2021/may/05/the-darkest-hour--indias-covid-crisis-inside-the-7-may-guardian-weekly
"Looking at India from afar, I’m furious at Modi’s wilful neglect of my homeland",Opinion,2021-05-04T16:13:27Z,https://www.theguardian.com/commentisfree/2021/may/04/india-modi-covid
Johnson and Modi to agree UK-India trade partnership in virtual talks,Politics,2021-05-03T21:30:11Z,https://www.theguardian.com/politics/2021/may/03/johnson-and-modi-to-agree-uk-india-trade-partnership-in-virtual-talks
Covering India’s Covid crisis: ‘Hundreds of journalists have lost their lives’,Membership,2021-05-03T06:00:53Z,https://www.theguardian.com/membership/2021/may/03/india-covid-deaths-crisis-kumbh-mela
Narendra Modi loses key state election as Covid grips India,World news,2021-05-02T16:38:36Z,https://www.theguardian.com/world/2021/may/02/narendra-modi-loses-key-state-election-west-bengal-covid-grips-india
Grief and anger as Covid victims overwhelm Delhi’s crematoriums ,World news,2021-04-30T11:25:02Z,https://www.theguardian.com/world/2021/apr/30/covid-victims-overwhelm-delhi-crematoriums
Facebook blocked hashtag calling for Narendra Modi to resign over pandemic,Technology,2021-04-28T21:52:20Z,https://www.theguardian.com/technology/2021/apr/28/facebook-blocked-resignmodi-hashtag-india-coronavirus
Vaccine hoarding is all the more disturbing as a Covid disaster unfolds in India  | Gaby Hinsliff,Opinion,2021-04-26T13:55:29Z,https://www.theguardian.com/commentisfree/2021/apr/26/vaccine-hoarding-covid-tragedy-india-britain-vaccinated
US and UK lead global efforts to help India’s Covid crisis,World news,2021-04-25T18:26:57Z,https://www.theguardian.com/world/2021/apr/25/us-pressed-to-lift-export-ban-to-help-india-fight-surge-in-covid-cases
The Guardian view on Modi’s mistakes: a pandemic that is out of control  | Editorial,Global,2021-04-23T17:01:02Z,https://www.theguardian.com/world/commentisfree/2021/apr/23/the-guardian-view-on-modis-mistakes-a-pandemic-that-is-out-of-control
India's government has abandoned its citizens to face a deadly second wave alone | Rukmini S,Opinion,2021-04-21T11:23:40Z,https://www.theguardian.com/commentisfree/2021/apr/21/indias-government-abandoned-citizens-deadly-second-covid-wave
Why is India seeing such a huge surge in Covid-19 cases?,World news,2021-04-21T05:33:06Z,https://www.theguardian.com/world/2021/apr/21/why-is-india-seeing-such-a-huge-surge-in-covid-19-cases
Narendra Modi: Covid resurgence in India like being ‘hit by a storm’ ,World news,2021-04-20T17:13:49Z,https://www.theguardian.com/world/2021/apr/20/narendra-modi-covid-resurgence-in-india-like-being-hit-by-a-storm
Tech giants happy to do Narendra Modi’s bidding in return for access to Indian market | John Naughton,Technology,2021-04-17T15:00:37Z,https://www.theguardian.com/technology/commentisfree/2021/apr/17/tech-giants-happy-to-do-narendra-modis-bidding-indian-market-facebook-twitter
‘A tsunami of cases’: desperation as Covid second wave batters India,World news,2021-04-14T02:00:26Z,https://www.theguardian.com/world/2021/apr/14/a-tsunami-of-cases-desperation-as-covid-second-wave-batters-india
UK faces difficult path as it resumes courtship with India,UK news,2021-04-06T04:00:55Z,https://www.theguardian.com/uk-news/2021/apr/06/uk-faces-difficult-path-as-it-resumes-courtship-with-india
Modi critic's resignation from Indian university post prompts outcry,World news,2021-03-19T14:53:13Z,https://www.theguardian.com/world/2021/mar/19/modi-critics-resignation-from-indian-university-post-sparks-outcry
UK foreign policy review will focus on China's growing power,Politics,2021-03-05T16:41:25Z,https://www.theguardian.com/politics/2021/mar/05/uk-foreign-policy-review-china-asia-brexit
"British Sikh 'tortured' in India after arrest must be freed, say MPs",World news,2021-02-28T19:47:37Z,https://www.theguardian.com/world/2021/feb/28/british-sikh-tortured-in-india-after-arrest-must-be-freed-say-mps
Delhi Muslims fear they will never see justice for religious riot atrocities,World news,2021-02-28T06:00:06Z,https://www.theguardian.com/world/2021/feb/28/delhi-muslims-fear-they-will-never-see-justice-for-religious-riot-atrocities
"If India can charge journalists with ‘sedition’ for doing their jobs, it has no free press | Hartosh Singh Bal",Opinion,2021-02-06T10:00:38Z,https://www.theguardian.com/commentisfree/2021/feb/06/india-journalists-sedition-no-free-press-police-farmers-modi
Violent clashes as Indian farmers storm Delhi's Red Fort,World news,2021-01-26T13:44:52Z,https://www.theguardian.com/world/2021/jan/26/violent-clashes-as-indian-farmers-storm-delhis-red-fort
The Guardian view on India's farming revolt: a bitter harvest | Editorial,Opinion,2021-01-24T18:25:05Z,https://www.theguardian.com/commentisfree/2021/jan/24/the-guardian-view-on-indias-farming-revolt-a-bitter-harvest
'We are worried': Indians hopeful but anxious as vaccination drive begins,Global development,2021-01-17T16:33:56Z,https://www.theguardian.com/global-development/2021/jan/17/indian-hopeful-anxious-covid-vaccination-drive-begins
Trump social media ban sparks calls for action against other populist leaders,Media,2021-01-17T08:00:12Z,https://www.theguardian.com/media/2021/jan/17/trump-social-media-ban-jair-bolsonaro-narendra-modi
Mahatma Gandhi's killer venerated as Hindu nationalism resurges in India,World news,2021-01-17T05:00:07Z,https://www.theguardian.com/world/2021/jan/17/mahatma-gandhis-killer-venerated-as-hindu-nationalism-resurges-in-india
India begins world's biggest Covid vaccination programme,World news,2021-01-16T08:57:01Z,https://www.theguardian.com/world/2021/jan/16/india-begins-worlds-biggest-covid-vaccination-programme
India's supreme court gives go-ahead for controversial new parliament building,World news,2021-01-05T18:03:50Z,https://www.theguardian.com/world/2021/jan/05/indias-supreme-court-gives-go-ahead-for-controversial-new-parliament-building
India's approval of covid vaccines triggers mass immunisation drive,World news,2021-01-03T13:47:14Z,https://www.theguardian.com/world/2021/jan/03/indias-approval-of-twin-vaccines-triggers-mass-immunisation-drive
